CustomerId,Segment
13085,LostBigSpenders
13078,Best
15362,Normal
18102,Best
12682,Best
18087,Best
13635,BigSpenders
14110,AlmostLost
12636,Normal
17519,Best
13758,Best
12362,Normal
15413,BigSpenders
16321,Normal
16167,Normal
17865,Best
17592,Normal
13767,Best
17238,Best
15712,Best
15311,Best
16329,Normal
17700,Best
14911,Best
15998,Loyal
12931,Best
12533,Normal
17984,Normal
14871,Normal
13394,Best
16011,Best
16393,Best
14040,Loyal
12913,Best
15061,Best
14341,AlmostLost
17804,Normal
14156,Best
13599,Best
17063,Loyal
15719,Best
12490,Best
15793,Normal
17056,Normal
13526,Normal
14654,Normal
17998,Normal
17742,AlmostLost
15326,Normal
14478,Normal
15967,Best
17611,AlmostLost
15051,Best
13097,Loyal
13590,Best
15984,Best
16887,Normal
12921,Best
14543,Best
15945,Normal
18037,Loyal
15662,Normal
15380,Best
13110,Normal
12836,Loyal
15005,Best
16620,Normal
12758,BigSpenders
17961,Loyal
15601,Best
13585,Normal
13442,Normal
13381,Best
16763,Normal
17243,Best
14865,Normal
17345,Loyal
13819,Normal
15808,Best
17191,Best
13748,Normal
15265,BigSpenders
15750,Best
17428,Best
15485,BigSpenders
17246,Normal
14061,Normal
14108,Normal
13648,Loyal
16563,BigSpenders
16701,AlmostLost
12842,Normal
14302,Normal
14135,Best
14831,Normal
15602,Best
13777,Best
14000,Normal
16823,Loyal
16163,BigSpenders
17193,Normal
15759,Normal
16131,Best
14560,Best
17087,Normal
14894,Normal
16202,Loyal
16700,Best
17511,Best
14299,Best
17949,Best
14799,Normal
16550,Best
12980,Loyal
14425,Normal
15353,Best
17818,Normal
13654,BigSpenders
17189,Normal
13269,Best
14653,Normal
17019,Best
15542,Normal
13564,Best
16467,LostBigSpenders
15833,Normal
14527,Best
17476,Normal
15287,Normal
14440,Best
15680,Best
15581,Best
13740,Normal
17768,Normal
12948,Normal
14667,Best
17377,Best
14467,Loyal
13457,Normal
18108,Normal
16210,Best
14669,BigSpenders
17909,Normal
16086,Best
16711,Normal
14739,Best
16233,Loyal
14204,Normal
17606,Normal
16797,BigSpenders
16126,Best
17867,Loyal
17412,Best
16525,Best
13623,BigSpenders
12435,BigSpenders
14549,Normal
14106,Normal
14980,Normal
14396,Loyal
14122,Normal
16987,Normal
17809,Best
15917,Normal
14987,Loyal
14080,Normal
16200,Best
15794,Normal
15523,Loyal
15615,Loyal
18001,Normal
17841,Best
13089,Best
15989,Normal
17660,Normal
13313,AlmostLost
12437,Loyal
14841,Best
14646,Best
15482,Loyal
16156,Best
17716,Loyal
12779,Best
13611,Best
15255,Loyal
14771,Normal
14838,Normal
13979,Loyal
13800,Normal
14483,Normal
14915,Loyal
13753,Normal
16301,Normal
13931,Loyal
17035,Normal
15194,Best
14347,Normal
12934,Normal
15291,Best
17209,Normal
15658,Normal
17314,Loyal
17155,Normal
15965,Best
17322,Normal
16159,Normal
14051,Best
13993,Best
17411,Normal
15768,AlmostLost
12835,AlmostLost
15179,Loyal
17069,Best
16918,AlmostLost
15466,Normal
14159,Best
17940,AlmostLost
17581,Best
16168,Best
14606,Best
17287,Best
17913,Loyal
13416,Normal
16779,Best
13895,Normal
14057,BigSpenders
17017,Best
13208,Normal
17465,AlmostLost
13468,Best
13485,Best
17271,Normal
16139,Normal
15953,Best
15856,Best
14967,Normal
16497,Loyal
17764,Normal
14905,Loyal
18229,Best
17293,Loyal
17853,Normal
15550,Loyal
13531,Normal
13786,Best
14952,Loyal
14031,Best
12937,Normal
16612,BigSpenders
12949,Best
14958,Normal
17329,Normal
16736,BigSpenders
13001,Loyal
14644,Normal
14898,Best
14662,Normal
17414,Normal
14755,Best
17576,Best
13037,Loyal
14710,Loyal
18168,Best
17679,Normal
17851,Loyal
14750,Normal
16791,Loyal
16558,Best
15884,Normal
17343,Normal
17372,Best
16003,BigSpenders
17432,Loyal
14713,Best
16722,Best
12577,Normal
12872,Best
15755,Best
14258,Loyal
14286,BigSpenders
13154,Normal
14564,BigSpenders
13408,Best
16645,Normal
12714,Loyal
16335,LostBigSpenders
13093,Best
12759,BigSpenders
13666,Normal
17160,Best
13946,Normal
14723,Loyal
14961,Best
14735,Loyal
18061,Best
15078,Best
17389,Best
16883,Best
13175,Normal
17076,Normal
13948,Normal
18223,Loyal
16192,Normal
15999,Normal
15109,Normal
14680,Best
18092,Best
16891,Loyal
13481,Best
13807,Normal
14979,Normal
16656,AlmostLost
16746,Loyal
17157,AlmostLost
15309,Normal
16325,AlmostLost
16541,Normal
16723,Normal
16699,Loyal
16710,Best
12510,AlmostLost
13162,Best
15382,Best
13680,AlmostLost
12970,Loyal
17935,Normal
17593,Loyal
17151,Normal
16451,Normal
17127,Normal
13694,Best
14087,Normal
13733,Normal
18181,Normal
13174,Best
13329,Best
17421,Normal
16351,Loyal
15684,Normal
17884,Best
15514,Best
13679,Normal
18225,Best
12748,Best
13199,Best
13487,Normal
17018,Normal
18071,Normal
16593,Normal
14238,Normal
15223,Normal
13021,Best
17115,BigSpenders
17850,Best
14239,AlmostLost
13999,Best
13958,Best
13641,Normal
15420,Loyal
12359,AlmostLost
12820,Loyal
16410,Normal
15240,Best
16158,Loyal
15484,Normal
14709,Best
15057,BigSpenders
14867,Loyal
17642,Normal
13813,Normal
13589,Normal
12417,Loyal
17920,Best
12975,AlmostLost
16104,AlmostLost
17150,Loyal
16277,Normal
17244,Normal
15260,Best
12583,Best
15555,Best
13736,BigSpenders
14133,Normal
15571,Loyal
13448,Best
17085,Best
15059,Best
14468,Normal
16395,Loyal
16485,BigSpenders
15878,Normal
15860,Loyal
13373,BigSpenders
14608,Loyal
14896,Loyal
16964,Normal
15983,Best
13782,Loyal
14454,Normal
14717,Normal
16718,BigSpenders
15751,Loyal
14546,Best
17848,Loyal
17561,Normal
15547,Best
17406,Best
14479,Normal
17969,LostBigSpenders
14548,AlmostLost
17916,Normal
13319,Best
16773,Normal
15479,Normal
15822,Normal
13890,Normal
13211,Loyal
15641,Loyal
14123,Normal
13019,Loyal
17858,Best
14940,Normal
16686,Loyal
15691,Normal
16436,Normal
17610,Normal
17530,Normal
13491,Best
14003,Normal
12839,Best
17557,Normal
14738,Normal
16124,Normal
12471,Best
17739,Best
16556,Best
14695,Normal
14828,Loyal
15115,Normal
13693,Best
14955,Normal
14037,Normal
18077,Loyal
13905,Normal
17508,Best
16768,Loyal
13984,Loyal
13495,Best
13190,Normal
14408,Normal
15358,Best
17707,Loyal
17044,Best
14471,Normal
17436,Normal
13234,Normal
14574,Normal
15716,Best
16684,Best
14540,Best
14307,BigSpenders
18219,Loyal
12747,Best
18162,Normal
17441,Normal
17988,Loyal
12600,Best
12523,Best
13206,Loyal
14512,Normal
16353,Best
16018,Normal
14670,Normal
14590,AlmostLost
13070,Normal
17457,Best
15421,Loyal
17990,Normal
13148,Loyal
17364,Best
13042,Normal
12443,Normal
15694,Best
16717,Best
17231,Loyal
16702,Normal
13267,Best
12540,Best
17270,Normal
13393,Normal
14113,Best
15369,AlmostLost
12358,BigSpenders
18259,BigSpenders
17047,Normal
14136,Normal
16735,Loyal
14215,Normal
15971,Loyal
14295,BigSpenders
13382,Normal
13025,Normal
16013,Best
14558,Normal
18002,Normal
17854,Normal
15079,Best
16029,Best
18271,Normal
14290,BigSpenders
17268,Loyal
17067,Normal
16560,Loyal
14861,Loyal
17371,Normal
18145,Best
16400,Loyal
15093,Best
13643,Loyal
17852,Normal
15456,Loyal
13571,Best
16732,BigSpenders
16940,BigSpenders
15162,Normal
18203,Normal
14494,Normal
17978,Normal
15031,Loyal
14085,Best
17230,LostBigSpenders
13410,Normal
14063,AlmostLost
12785,Normal
13081,Best
14605,Normal
14285,Normal
16892,Normal
16805,Normal
13204,Normal
15924,Normal
15823,BigSpenders
13576,Best
17178,Normal
13798,Best
18275,Normal
13855,Normal
15298,Best
15674,Loyal
14679,Normal
16253,BigSpenders
13883,Loyal
13557,Loyal
16204,Normal
15633,LostBigSpenders
15203,Loyal
13136,Best
15181,Normal
17188,AlmostLost
13455,BigSpenders
13114,Normal
13768,Normal
14291,Best
12712,Best
14732,Loyal
13202,Loyal
16945,Loyal
12487,Normal
13672,Normal
17929,Loyal
16771,Normal
16782,Best
18051,LostBigSpenders
16912,BigSpenders
12924,Loyal
15403,Normal
14173,Normal
14211,Loyal
14593,Loyal
16802,Normal
15302,Normal
16709,Best
17954,Loyal
13727,Loyal
15911,Loyal
14990,Normal
16705,Loyal
13141,Loyal
12709,Best
14171,Normal
13983,Best
17296,Normal
17631,Normal
17449,Loyal
17184,Normal
14107,BigSpenders
12917,BigSpenders
16755,Normal
13825,Normal
13770,Normal
14505,Loyal
15441,Normal
16933,Loyal
13426,Best
17043,Normal
13498,Normal
16186,Best
18065,Loyal
17880,Normal
13848,Best
15077,BigSpenders
13728,Loyal
15209,Normal
15841,Normal
14134,Best
15465,Best
17603,Normal
16143,Best
14942,Normal
14293,Best
17861,Loyal
15039,Best
16843,AlmostLost
15858,Best
17388,Loyal
15085,Normal
13091,BigSpenders
15642,Normal
14099,Best
15854,Best
12978,BigSpenders
17027,Normal
15889,Loyal
16748,Loyal
16459,Normal
13173,Best
15805,Loyal
15912,Loyal
16596,Normal
16663,Normal
12989,AlmostLost
16985,Best
14648,Loyal
15573,Normal
15367,AlmostLost
14895,Loyal
14062,Best
15157,Normal
15623,Loyal
13831,Best
14626,Loyal
15032,Best
16670,Loyal
15882,Loyal
17032,LostBigSpenders
12979,Normal
15738,Best
14043,Normal
17675,Best
15916,Best
16901,Normal
12933,Normal
14507,BigSpenders
17696,Best
18276,Normal
14030,Best
14081,Best
17351,Loyal
16798,Normal
17512,AlmostLost
13542,Best
16905,Best
15494,BigSpenders
14702,Best
17165,Normal
16293,Best
15769,Best
18172,Loyal
18268,Normal
14519,Normal
14191,Normal
13077,Best
14643,Normal
12957,BigSpenders
14577,Normal
17409,AlmostLost
16470,Loyal
16191,Best
17344,Normal
16365,Best
13418,Best
12854,Normal
15197,Normal
13953,BigSpenders
14298,Best
16952,Normal
13415,Normal
13668,Loyal
14790,Best
17487,Normal
17958,Normal
17754,Best
15898,Best
14130,Normal
17860,Normal
12664,Normal
16719,Best
16442,Normal
13317,Loyal
15196,Normal
15956,Normal
15169,Normal
14685,LostBigSpenders
15503,Normal
13026,Normal
15144,Best
12843,Best
14161,BigSpenders
17172,Normal
16830,Normal
16127,Normal
17539,Normal
15944,BigSpenders
17211,Best
14514,AlmostLost
17066,Normal
15850,Normal
17290,Loyal
13735,Best
12681,Best
17802,Best
15628,Best
15446,Normal
14525,AlmostLost
14751,Normal
12683,Best
13087,Normal
15562,Normal
17819,Best
16409,Best
14277,Loyal
14466,Best
16725,Loyal
17799,Loyal
17910,Normal
16551,Normal
15577,Normal
12346,Loyal
12439,Normal
13462,Normal
13872,Normal
13013,Best
14977,Normal
12472,Best
16769,Normal
17075,Loyal
16190,Loyal
14032,Best
17825,Normal
15329,Best
17908,Normal
15534,Normal
16327,Best
15920,Normal
12613,BigSpenders
17318,Normal
17965,Best
14401,AlmostLost
15188,Normal
16019,Best
12926,Normal
17623,Loyal
15015,LostBigSpenders
14796,Best
14042,Normal
15867,Best
16125,Best
13591,Normal
16280,Normal
12920,Normal
17866,Normal
13577,Best
16064,Normal
17416,Loyal
15640,Best
12992,Normal
15672,Normal
13000,Normal
17012,Normal
16098,Best
16554,BigSpenders
13004,Loyal
15838,Best
17572,Loyal
13902,BigSpenders
17213,Best
17251,Normal
16858,Best
17082,BigSpenders
14607,AlmostLost
17262,Loyal
18220,Normal
17625,BigSpenders
17233,Normal
17095,Normal
16713,Best
12941,Normal
17596,Best
15812,AlmostLost
14966,Normal
15070,Normal
18260,Best
16749,BigSpenders
13405,Normal
17797,Normal
13823,BigSpenders
15566,Normal
13050,Best
13756,Best
17816,Normal
16308,BigSpenders
15785,Best
14897,BigSpenders
15527,Loyal
17368,Loyal
15637,Normal
15393,Normal
18177,Normal
13473,LostBigSpenders
16605,Normal
12956,Normal
12971,Best
13711,Loyal
15394,Loyal
14460,Loyal
14769,Loyal
15312,Loyal
17646,Best
13952,Best
15713,Normal
16366,Normal
18286,Normal
17677,Best
13047,Best
14869,BigSpenders
16197,AlmostLost
13074,Normal
13289,Normal
16119,Loyal
13769,Best
15184,Normal
15499,Normal
12586,BigSpenders
18012,Normal
13403,Normal
14625,Best
17833,Normal
15222,AlmostLost
13178,Loyal
14415,Best
16195,Normal
17776,Normal
16569,Normal
17469,Loyal
14055,Normal
17873,Best
15044,Best
14329,Best
17091,Best
16694,Normal
15055,Normal
18144,Best
13008,Normal
13941,Best
14092,Best
12867,Loyal
16742,AlmostLost
15498,Best
17402,Best
18201,Normal
13225,AlmostLost
17662,Normal
15863,Normal
18186,Normal
13875,Loyal
12557,BigSpenders
13266,Loyal
14484,Normal
18097,BigSpenders
13520,Best
15862,Best
17612,Best
14422,Best
18006,Normal
14095,Normal
16908,Normal
13427,Normal
17103,Normal
13203,Loyal
16439,Normal
15270,Loyal
16150,Best
16661,Normal
17400,BigSpenders
17526,Best
13039,Normal
15428,Normal
16720,Normal
15879,Normal
17638,Normal
12708,Best
12826,Loyal
16772,BigSpenders
17927,Normal
14083,Normal
14555,BigSpenders
16296,Normal
18036,Loyal
13921,Normal
12455,BigSpenders
13995,Best
12422,Loyal
16600,Loyal
17028,Normal
16222,Normal
15497,Best
14949,Normal
17324,Loyal
15409,Normal
13327,Best
13781,Normal
16592,Best
18252,Normal
14105,BigSpenders
13847,Normal
15518,Best
17624,Normal
13871,Normal
12609,Best
14404,Loyal
13111,Normal
16282,Normal
13510,Best
14119,Normal
17182,Normal
14819,Normal
14480,Normal
17888,Loyal
18251,AlmostLost
12440,Normal
18190,Normal
13082,AlmostLost
15064,Normal
14151,Normal
12539,BigSpenders
13287,Normal
13821,Normal
16792,Normal
17807,Normal
14477,Normal
14839,Normal
17950,Loyal
16875,AlmostLost
13901,Best
14198,Normal
15521,Loyal
18171,Normal
16017,Normal
13253,BigSpenders
13338,BigSpenders
14969,Normal
15865,Normal
13610,Loyal
13965,Normal
14954,Normal
14210,Best
17362,Normal
14194,Loyal
18008,Loyal
17753,Normal
17941,Normal
18094,AlmostLost
17404,Loyal
14541,Loyal
15266,Normal
16641,Normal
16862,Normal
16888,Normal
15874,Loyal
15100,Best
15324,Normal
14465,AlmostLost
15152,Normal
12678,Best
16057,Normal
12648,Normal
15586,Normal
14045,Best
13360,Normal
15827,Best
13854,Best
16103,Loyal
15607,Loyal
16027,Loyal
14327,Normal
18170,Best
14016,Loyal
13044,AlmostLost
14573,Normal
13259,Loyal
16109,Normal
16787,Normal
14849,Best
14532,Loyal
17323,Normal
14160,LostBigSpenders
13762,BigSpenders
18231,Loyal
12951,Loyal
14091,BigSpenders
13634,Best
17222,Normal
18242,Normal
17147,Normal
17113,LostBigSpenders
13709,Normal
17139,Loyal
18115,Normal
17529,Normal
12549,Loyal
12875,Normal
17740,Loyal
15549,Normal
14984,Normal
12406,BigSpenders
17023,Normal
13433,Normal
15186,Normal
12939,Best
16841,AlmostLost
17945,Normal
15299,Best
15002,Best
12623,Loyal
16422,Best
13622,Normal
14225,BigSpenders
14241,Normal
17352,Normal
12649,Normal
14137,Normal
14154,Best
14826,Normal
16585,Normal
15513,Best
12647,Best
17962,Normal
17757,Best
14146,Loyal
13929,Loyal
16304,Normal
13152,Loyal
18041,Best
13787,Normal
16414,Normal
14256,Normal
15903,BigSpenders
16660,Normal
14423,Normal
18134,Normal
12644,Normal
17496,Normal
15605,Normal
13233,Normal
15046,AlmostLost
13562,BigSpenders
12431,Best
15359,LostCheap
18106,Normal
17681,Normal
12755,Best
12789,Normal
15771,Normal
16452,Normal
14324,Normal
17871,Normal
12631,BigSpenders
17227,Loyal
12860,Normal
17454,Loyal
15224,Normal
12813,Normal
15489,Normal
14451,Loyal
14421,Normal
17801,Normal
16595,Normal
13907,Normal
16510,Best
14420,Normal
16524,Normal
16166,Normal
16434,Normal
13869,Best
13616,Normal
17591,Normal
14892,Normal
12877,Loyal
14441,Best
14754,Normal
15747,Loyal
15795,Loyal
18057,Normal
14461,Best
14442,BigSpenders
17966,Normal
15164,Loyal
17048,Normal
17773,Normal
16954,Best
15375,Normal
14343,Normal
15697,Normal
16867,Normal
16287,Normal
15198,Normal
13877,Normal
12470,Normal
17769,Loyal
17706,Best
14715,Normal
12589,AlmostLost
16087,BigSpenders
14472,Normal
13555,Best
12733,BigSpenders
14413,Normal
13315,Normal
17245,Normal
17307,Loyal
17963,Normal
14983,Normal
13397,Normal
12987,Normal
13027,Loyal
16727,Normal
14556,Normal
14388,Best
17220,Loyal
17356,Normal
17794,Normal
15191,Normal
14649,BigSpenders
14595,Normal
16085,Loyal
13982,Best
17875,Normal
16634,Normal
14207,Normal
15095,AlmostLost
12986,AlmostLost
14431,BigSpenders
14530,Loyal
14320,Normal
14714,Normal
15910,Loyal
13527,BigSpenders
15885,Loyal
14064,AlmostLost
15296,AlmostLost
14439,BigSpenders
13543,Normal
15682,Normal
17320,Normal
15126,Normal
17180,Loyal
13413,Loyal
13192,Normal
14854,Normal
14209,Loyal
14274,Normal
17460,Loyal
12531,BigSpenders
16822,Normal
13889,Normal
14640,Normal
14837,BigSpenders
17242,BigSpenders
17618,Loyal
17335,Normal
17780,Normal
16950,Best
12916,Normal
13036,Normal
14879,Normal
12703,Normal
13249,Loyal
15727,Loyal
15711,Normal
14701,AlmostLost
16255,Best
14070,Normal
17071,Normal
16523,Loyal
14522,Normal
17141,Normal
13209,BigSpenders
15696,Normal
13729,Normal
14044,AlmostLost
17142,Normal
16206,Loyal
15434,Loyal
15483,Loyal
14986,Normal
17584,BigSpenders
14870,Normal
14621,Normal
15303,Normal
13488,Best
17810,Normal
18199,Normal
13477,Normal
16795,BigSpenders
17419,Best
16004,BigSpenders
14628,Normal
15611,Loyal
14376,Normal
12857,BigSpenders
14538,Normal
17218,Best
13650,Normal
15259,Normal
13971,AlmostLost
12468,BigSpenders
15218,Loyal
15950,Best
17536,Normal
15003,Loyal
16481,Normal
13459,Normal
16281,Normal
12905,Normal
12361,Normal
17059,BigSpenders
15845,Normal
17050,Normal
17726,Loyal
13514,Normal
15766,Normal
15959,Normal
12745,Normal
12606,Normal
12404,Normal
12466,Normal
16291,Normal
12555,Normal
14912,Normal
12846,Normal
16047,Normal
14380,Normal
14079,Normal
17672,BigSpenders
15702,Normal
12570,Normal
15073,BigSpenders
13698,Normal
16051,Normal
14365,Normal
12873,Normal
15695,Normal
15798,Normal
14551,Normal
12869,Normal
17604,Normal
15389,BigSpenders
16430,Loyal
13048,BigSpenders
15797,Normal
16320,BigSpenders
13101,Normal
18016,Normal
14167,Normal
14279,Normal
12484,AlmostLost
17695,Normal
17982,Normal
14672,Normal
15563,Normal
13820,Normal
14613,Normal
16326,Loyal
15544,Best
16137,Normal
16535,Normal
18194,BigSpenders
13615,Loyal
15137,Normal
17905,Loyal
15861,Normal
15192,Normal
14469,BigSpenders
13851,BigSpenders
15487,Normal
13480,Normal
15251,Loyal
12823,Loyal
13583,Normal
14249,Loyal
16673,Normal
16390,Normal
14068,Normal
15943,Normal
16923,Best
16955,Normal
15013,Loyal
15588,Normal
17137,Loyal
14481,Normal
16014,Normal
14820,Normal
15385,Normal
12483,Best
13443,Loyal
13392,Normal
14306,Normal
13897,Normal
15338,Normal
18212,Normal
16655,Loyal
12668,Best
17107,BigSpenders
17176,Normal
13478,BigSpenders
14637,Normal
15317,Normal
15022,Normal
14370,Loyal
12810,Normal
14047,Best
12800,Normal
12711,Normal
15416,Normal
17365,Loyal
13511,Normal
16415,Normal
15512,Normal
14821,Loyal
13156,Normal
17361,Normal
13628,Normal
15480,BigSpenders
18064,AlmostLost
17350,Normal
15564,Normal
15803,Normal
13584,Normal
17146,AlmostLost
13916,Normal
15279,Normal
18175,Normal
17163,Normal
16300,Normal
12848,Normal
13538,BigSpenders
17876,BigSpenders
13975,Loyal
17092,AlmostLost
16067,BigSpenders
12805,Normal
15321,AlmostLost
15091,Normal
13553,Normal
16928,Loyal
13757,Normal
17311,BigSpenders
16840,Normal
16081,Normal
14399,Loyal
12396,Normal
15448,Normal
18101,Normal
13619,Normal
16834,Normal
17690,Best
12840,Normal
14545,Normal
15023,Best
14038,Normal
15591,Normal
14497,Normal
15732,Loyal
13107,BigSpenders
12373,Normal
16583,Normal
17281,Loyal
16383,BigSpenders
16412,Normal
13783,Normal
15167,Normal
17138,Loyal
16986,AlmostLost
12500,Loyal
17309,Normal
16266,Loyal
15365,Loyal
17328,Normal
15810,Normal
13874,Loyal
18267,Normal
12853,BigSpenders
13009,Normal
16147,BigSpenders
13658,BigSpenders
16704,Normal
15784,Normal
14682,Normal
15660,Loyal
13700,Normal
16714,Normal
15580,Loyal
15422,Normal
15584,Normal
16788,Normal
16225,Loyal
12402,Normal
14562,Loyal
17550,Loyal
16082,Normal
16212,Normal
17342,Normal
17504,Best
14227,BigSpenders
13497,Normal
16161,Best
13870,Loyal
16246,Normal
13417,Normal
13304,Normal
13834,Normal
14884,Normal
18070,Normal
16078,Normal
15339,Normal
16781,Normal
17514,Normal
17294,Normal
17647,Normal
12524,Loyal
12665,Normal
17319,Normal
17774,BigSpenders
15892,Normal
13119,Normal
12370,Normal
13131,BigSpenders
14609,Loyal
17577,Normal
15082,Normal
12645,BigSpenders
17083,Loyal
12621,Best
13293,Loyal
16344,Normal
17731,Normal
13976,Normal
13242,Normal
16419,Normal
13985,Best
16873,AlmostLost
12663,Normal
16530,Normal
13092,Loyal
12932,Loyal
18058,Normal
15176,Normal
13164,Normal
12776,Normal
17201,Normal
17575,Normal
12474,Best
16577,Normal
12670,Normal
15765,Normal
12567,Best
14115,Normal
14072,Normal
16992,Loyal
14301,Normal
17685,Best
12677,Normal
13696,BigSpenders
14190,Normal
15244,Normal
13288,Normal
13551,Normal
16839,Best
15807,Normal
16978,Normal
13629,Loyal
13291,Loyal
16553,Loyal
13815,BigSpenders
16895,Normal
15293,Normal
15504,Normal
12695,Normal
13223,Normal
17226,Normal
17547,Normal
15278,Normal
15288,Loyal
12976,Best
17258,Normal
17955,Normal
17029,Normal
15372,AlmostLost
13446,AlmostLost
16608,Normal
15561,Normal
17108,Normal
15425,BigSpenders
15538,LostBigSpenders
16136,Normal
13587,Normal
14970,Loyal
15272,Normal
17285,Normal
13421,Loyal
17340,Best
16838,Normal
15964,Normal
14909,Normal
18179,Normal
14943,Normal
12426,Normal
12391,BigSpenders
14282,Best
12380,AlmostLost
16330,Normal
17136,Normal
15371,Normal
16544,Normal
16860,Normal
17241,Loyal
17442,Best
17644,Loyal
15323,Normal
13802,Best
14369,Normal
16359,Loyal
14989,Normal
16584,BigSpenders
13407,BigSpenders
17171,Normal
14639,BigSpenders
17778,Normal
17789,Normal
15325,Loyal
12960,Normal
13503,Normal
12972,Normal
17931,Loyal
13842,Best
16911,Normal
16774,Normal
14944,Loyal
13659,Loyal
18285,Normal
14244,Normal
17560,Normal
13613,Normal
14276,Normal
17426,AlmostLost
14584,Normal
16447,Normal
16938,BigSpenders
18218,Normal
14322,Normal
14495,Normal
14890,Normal
13773,Normal
13020,Normal
12993,Normal
13431,Loyal
12898,Normal
16170,Loyal
13579,Normal
14152,Normal
18178,Loyal
17763,Normal
12891,Loyal
15693,Normal
17721,Normal
18153,Normal
14783,Normal
18257,BigSpenders
15306,AlmostLost
16487,Normal
14686,Normal
13333,Normal
13957,Normal
16574,Normal
13604,Normal
17145,BigSpenders
13662,Loyal
13552,AlmostLost
13191,Normal
18283,Loyal
12416,Normal
13761,Normal
14878,Best
15988,Normal
15182,Loyal
16693,Normal
15774,Normal
16948,Normal
13980,Normal
17332,Normal
15928,Normal
12945,Normal
16450,Normal
14602,Normal
16273,Normal
13540,Normal
12360,Normal
13434,Normal
12389,Normal
16619,Normal
14997,Normal
17439,Normal
13217,Normal
17195,Normal
17081,Normal
15754,AlmostLost
17259,Normal
15673,BigSpenders
16071,Normal
13340,BigSpenders
17829,BigSpenders
13513,Normal
12727,Normal
17667,BigSpenders
13330,Normal
15493,BigSpenders
16416,Loyal
13052,AlmostLost
14726,Normal
15295,Normal
13772,BigSpenders
15241,Normal
14112,AlmostLost
13490,Normal
15955,Best
14681,Normal
15290,Loyal
16388,Normal
12482,LostBigSpenders
16406,Normal
12998,Normal
15439,Normal
14284,Normal
12909,Normal
15659,Normal
13765,Normal
15058,Normal
16208,Loyal
13944,Normal
14535,Loyal
13469,Normal
13104,Normal
17358,Normal
16118,BigSpenders
14006,Normal
16471,Normal
14740,Loyal
18009,LostBigSpenders
17863,Best
13334,BigSpenders
13771,BigSpenders
13240,Normal
14402,Normal
17200,Normal
13935,BigSpenders
16677,Normal
17534,Normal
13652,Normal
14770,AlmostLost
17207,Normal
17883,Normal
17011,Normal
15366,BigSpenders
16631,AlmostLost
15124,Normal
13598,Normal
14177,Loyal
16913,Normal
14459,BigSpenders
15477,Normal
15569,BigSpenders
15149,Normal
14807,Normal
18046,Normal
17760,Normal
15990,Normal
15664,Normal
16939,Normal
13561,Loyal
16283,BigSpenders
17373,Normal
18069,Loyal
14798,Normal
12598,Normal
13010,Normal
15219,Normal
14131,Normal
16511,Normal
16037,Normal
13018,Loyal
17305,BigSpenders
16521,Normal
16519,Normal
17359,Normal
16731,Normal
14257,BigSpenders
15603,Normal
17116,Normal
13911,Loyal
17330,Normal
12731,BigSpenders
16946,Normal
17477,Normal
13797,Normal
13126,Best
14818,Normal
15927,Normal
16960,Normal
12525,Normal
16177,AlmostLost
12809,Normal
15606,Loyal
13593,Loyal
16520,Normal
13793,Normal
13663,BigSpenders
16947,Normal
16099,Normal
18148,Normal
17020,Normal
13873,Normal
13294,Normal
12594,BigSpenders
16461,Normal
16636,BigSpenders
13214,Loyal
13722,AlmostLost
13595,Normal
14142,Normal
18152,Normal
16285,Normal
14157,Normal
15875,Normal
13835,Normal
13377,Normal
17049,Best
15622,AlmostLost
17930,Loyal
15084,Normal
14097,Normal
18151,Normal
13879,Normal
17663,Loyal
16859,Normal
18272,Normal
17847,Normal
14018,Normal
14426,Loyal
13881,Best
17159,Normal
16096,Normal
14748,Best
15030,Loyal
17448,AlmostLost
12371,BigSpenders
17718,Normal
12399,Normal
13280,Normal
12568,Normal
13476,Normal
12497,BigSpenders
18226,Best
14957,Normal
14186,Normal
13544,Normal
13515,Normal
15094,Normal
17190,Normal
17006,Normal
15630,Normal
15978,BigSpenders
14852,AlmostLost
15929,Normal
14233,Normal
13799,AlmostLost
16331,AlmostLost
14172,Normal
13201,Normal
13508,Normal
16271,BigSpenders
15443,AlmostLost
14205,Loyal
14877,Normal
18253,Normal
13764,Normal
17236,Loyal
17589,Loyal
17734,Normal
13276,Normal
16466,Loyal
12530,BigSpenders
15631,Normal
18029,Normal
16984,Loyal
16310,Normal
16534,Normal
17158,Normal
12369,BigSpenders
14493,BigSpenders
15847,Normal
17298,Normal
15791,BigSpenders
12765,Loyal
17682,Best
12825,Normal
17325,Normal
16754,Best
13157,BigSpenders
17542,Normal
17857,BigSpenders
12514,Normal
17960,Normal
16628,Normal
17289,Loyal
17025,Normal
16537,Normal
17488,Normal
16681,Normal
13454,Normal
16275,Normal
16568,Normal
18245,Best
17002,Normal
17438,Normal
15250,Normal
16182,BigSpenders
17266,Normal
15437,Normal
12495,Normal
15921,Normal
18039,Normal
17907,Normal
14147,Loyal
13627,Normal
16854,Normal
13283,Normal
15722,AlmostLost
16707,Normal
16756,Loyal
12542,Normal
14676,Loyal
13316,Loyal
12638,Normal
13484,Normal
16846,Normal
17348,Normal
13566,Normal
14924,Normal
14403,Normal
16258,Loyal
13305,Best
15558,Normal
16611,Normal
17338,Best
14060,Best
12954,Normal
16387,Normal
13715,Best
14745,Loyal
15221,BigSpenders
15008,Normal
17065,Normal
17228,Loyal
17588,Normal
16347,Loyal
13795,Normal
14824,Best
12692,Normal
15941,Normal
13824,Loyal
13724,Normal
13573,Normal
16586,Normal
15994,Normal
13183,Loyal
18149,Normal
13688,Normal
15665,BigSpenders
17849,Normal
14857,BigSpenders
14645,Normal
14315,Normal
15117,Normal
18135,Normal
13530,Normal
14534,Loyal
16242,Best
14195,Normal
13600,Normal
15227,Normal
15123,BigSpenders
12366,Normal
15946,BigSpenders
14873,Normal
14604,Normal
18063,Normal
14496,Best
12701,Normal
17478,Normal
14872,Normal
17568,Normal
17479,Normal
16652,Loyal
13612,Normal
16777,Normal
13275,Normal
18196,Normal
17933,Normal
16917,Normal
13371,BigSpenders
16254,Normal
13406,Normal
15775,Normal
16336,BigSpenders
18131,Normal
16571,Loyal
18187,Normal
14427,Normal
16977,Normal
15819,AlmostLost
14651,Loyal
15918,Normal
14400,Normal
13057,Normal
15461,Normal
16385,Normal
13243,Normal
15496,Normal
12615,BigSpenders
16303,BigSpenders
16108,Normal
17349,Normal
13128,Normal
18247,Normal
16668,Loyal
16199,Loyal
13230,Best
13150,Normal
17838,Best
17738,Loyal
16716,Normal
16008,Best
14292,Loyal
15760,BigSpenders
14851,Normal
16508,Normal
17673,Best
12418,Normal
14832,Normal
14316,Normal
12908,Normal
15650,Normal
18085,Normal
17133,BigSpenders
17472,Normal
13466,Normal
17587,Normal
17051,Normal
16039,Normal
16397,Normal
12796,Normal
18078,Normal
12368,Normal
13451,Best
12639,Normal
14928,Normal
17552,Best
16132,Normal
13151,Normal
13482,Normal
14175,BigSpenders
14817,BigSpenders
13357,BigSpenders
14355,Normal
14464,Normal
16441,Normal
17640,BigSpenders
13706,Normal
15614,BigSpenders
14596,Normal
15105,Normal
16970,Normal
14166,Normal
16578,Normal
16615,Normal
12918,BigSpenders
13445,Normal
14762,Normal
14344,Best
15869,Normal
13896,Normal
18189,Normal
13252,Normal
16077,BigSpenders
13988,Normal
12742,Normal
16002,Normal
14729,Normal
15086,Normal
16444,Loyal
14026,Normal
15447,Normal
16741,Normal
17072,Normal
14202,Normal
14947,Normal
15374,Normal
13849,BigSpenders
17001,Best
17353,Normal
16090,Normal
13969,Best
17301,Normal
16943,Normal
13900,Normal
13285,Normal
12870,Normal
15027,Loyal
16794,Normal
17484,Normal
12726,Normal
13187,Normal
13705,Normal
14704,Normal
12791,Loyal
15698,Normal
14330,Normal
16286,Normal
14013,Normal
15789,Normal
18188,Normal
17582,Normal
18166,Normal
18215,BigSpenders
16493,Normal
16601,Normal
14537,Normal
13117,Loyal
14074,Normal
12477,BigSpenders
14994,Normal
16807,Normal
15249,BigSpenders
14253,Normal
16833,Normal
15552,Normal
15848,Normal
13053,Normal
15289,Normal
17827,Normal
14378,Normal
14805,Normal
16934,Normal
16784,Normal
12910,BigSpenders
15068,Normal
17518,Normal
14101,Loyal
15423,Normal
14572,BigSpenders
15570,Best
17068,Best
13684,Normal
14078,Normal
15231,Normal
16666,Normal
14583,Normal
14809,Normal
16549,Loyal
15141,Loyal
13113,Best
15981,Loyal
16532,BigSpenders
17994,Loyal
16456,Best
16502,Normal
17046,Normal
12496,Normal
16036,BigSpenders
16176,BigSpenders
13412,Normal
17664,Normal
16570,Best
16455,Best
17676,Normal
13051,Normal
12990,Normal
12861,Normal
14935,Normal
15029,Normal
15715,Normal
15575,Normal
17586,Normal
17464,Normal
17217,Normal
14235,Normal
15122,AlmostLost
14492,AlmostLost
14882,Loyal
15742,Normal
13856,Loyal
16658,Loyal
13676,Normal
17602,AlmostLost
18025,Loyal
15792,Normal
15216,Normal
13803,Normal
18093,BigSpenders
17889,Normal
14706,Normal
13179,Normal
15741,Normal
16133,Best
13059,Loyal
18056,Normal
17531,Normal
16845,Normal
15796,Best
15454,Normal
15800,Normal
15125,AlmostLost
16847,Normal
13219,Normal
13464,BigSpenders
13361,Normal
14893,Normal
12662,Best
15689,Normal
16377,Normal
14916,BigSpenders
13582,Normal
18241,Normal
15173,Loyal
13196,Normal
14200,Normal
16130,Normal
14692,Loyal
17993,Normal
13750,Best
14049,Loyal
16054,Normal
17669,BigSpenders
14835,Normal
14694,Normal
14489,Normal
18173,Normal
12997,Normal
15215,Normal
15770,Normal
14035,Normal
13939,Normal
13710,Normal
16654,Normal
13071,Normal
14221,AlmostLost
14825,Best
14265,Normal
13432,Normal
13207,Normal
17563,Normal
15252,Normal
13632,Normal
16941,Normal
14264,Normal
12643,Loyal
15112,Normal
13723,Normal
15201,Normal
12821,Normal
13640,Normal
16454,Normal
16369,Normal
17497,Normal
14758,Normal
13852,Normal
17553,BigSpenders
14145,BigSpenders
14855,BigSpenders
16053,BigSpenders
13712,Normal
14918,Loyal
14813,Normal
13278,Normal
14450,Normal
14533,Normal
15613,Normal
17746,Normal
17110,Normal
17805,Normal
15638,Best
15062,Normal
13163,Normal
15129,Loyal
13197,Normal
16040,Normal
18246,Normal
16341,BigSpenders
16944,Normal
12786,Normal
13080,Normal
15331,Normal
17609,Loyal
16276,BigSpenders
14275,Loyal
16814,Best
12481,Best
17608,Normal
13180,Normal
14011,Normal
16372,Normal
17221,Normal
15067,BigSpenders
14430,Normal
12935,Best
15524,Normal
15590,Normal
14791,Normal
14114,Normal
14930,BigSpenders
15546,Normal
14844,AlmostLost
12982,Loyal
12671,BigSpenders
14853,Normal
12943,Normal
15268,Normal
15639,Normal
12459,Normal
16809,Normal
15982,Normal
14998,Normal
17505,Normal
16259,Normal
15890,Normal
17594,Normal
14624,Normal
17039,BigSpenders
16105,BigSpenders
16292,Normal
13878,Normal
15572,Normal
13388,Normal
14569,Normal
14656,Normal
18174,Normal
13647,Normal
18236,Loyal
17678,Normal
15814,Normal
17709,Normal
13661,Normal
16174,Normal
15354,Normal
13015,AlmostLost
13414,Normal
13450,Best
13734,BigSpenders
18262,Normal
12778,Normal
12395,BigSpenders
12969,Normal
15979,Normal
17626,Normal
14988,Loyal
14907,Best
16094,Best
17842,Normal
14623,Normal
13262,Normal
17346,Best
14395,Best
17256,Normal
15972,BigSpenders
17041,Normal
16921,Normal
13286,Normal
14506,Normal
15410,Normal
17540,Normal
14845,Normal
17474,Normal
13145,Normal
15273,Normal
13115,Best
15451,Normal
18095,BigSpenders
12516,Normal
14372,Normal
16548,Normal
12780,Normal
14926,Normal
14611,Normal
15970,Normal
16864,Normal
14812,Normal
12983,Normal
17622,Normal
17185,Normal
15886,Normal
18062,Normal
16256,Normal
16472,Normal
16231,Normal
12588,Normal
15455,Normal
13461,BigSpenders
13963,Best
13308,Normal
14917,Normal
12504,Normal
13625,Normal
12625,BigSpenders
13346,Loyal
16743,AlmostLost
15651,Normal
16279,Loyal
14655,BigSpenders
17729,Normal
14182,Normal
17240,Normal
14788,Normal
17057,Normal
12672,Normal
15474,Normal
17181,Normal
16028,Normal
15548,Normal
13656,Normal
15042,Normal
15245,BigSpenders
16538,Normal
16868,Normal
15600,Normal
12844,Normal
16068,Normal
13863,Normal
13760,Normal
18091,Normal
13609,Normal
14677,Normal
12838,Best
17093,Normal
14743,Normal
14773,Normal
12925,Normal
15717,Normal
14999,Normal
14665,Normal
14021,Normal
17715,Normal
15384,Normal
14563,Normal
15111,Normal
13307,Normal
14552,Normal
16623,Normal
17959,Normal
13012,Normal
13655,Normal
13064,Normal
16088,Normal
16543,Normal
16117,Normal
15402,Normal
17991,Normal
16354,Normal
12849,BigSpenders
12392,Normal
16408,Normal
16267,Normal
12744,BigSpenders
16138,Normal
14237,Normal
14978,Normal
17635,Normal
17491,Best
13539,Normal
13775,Normal
18273,Normal
18049,Normal
14724,Normal
12876,BigSpenders
16384,Normal
12717,Normal
17605,Normal
14389,Normal
16648,Normal
15445,Normal
15101,Normal
13238,Normal
12698,Normal
16767,BigSpenders
13041,Normal
17886,Normal
17730,Best
18111,Normal
12349,BigSpenders
17771,Normal
15954,Normal
16332,Normal
12863,BigSpenders
16607,Loyal
15180,Normal
18141,Normal
12377,BigSpenders
17463,Normal
15709,Normal
16827,Normal
12915,Normal
17021,Loyal
14650,Normal
12806,BigSpenders
17005,Normal
15818,Normal
14201,Normal
16374,Normal
12374,BigSpenders
14683,Normal
15253,Normal
15418,Normal
16651,Normal
17565,Normal
15373,Loyal
15229,Normal
15426,Normal
13465,Normal
17555,Normal
12507,Normal
16317,Normal
15183,Normal
13143,Normal
16145,Loyal
12725,BigSpenders
12503,Normal
18163,Normal
14962,Normal
15391,Normal
16526,Normal
15396,Normal
16135,Normal
14025,AlmostLost
17759,Normal
14437,Normal
14936,BigSpenders
15488,Normal
13512,Normal
18028,Normal
15868,Normal
15097,Normal
15381,Normal
15704,Normal
17597,Normal
12958,Normal
13713,Normal
13400,Normal
16844,Normal
12388,Normal
13102,Best
17199,Normal
14272,Normal
13024,Normal
13891,Normal
16890,Normal
13974,Normal
17225,Normal
17798,Normal
13830,Normal
14814,Normal
18254,Normal
17031,BigSpenders
17808,Normal
16632,Normal
13007,Normal
13838,Loyal
14474,Normal
17926,Normal
14678,Normal
13425,BigSpenders
17292,Normal
14129,Normal
17135,Normal
16092,Normal
15661,Loyal
17720,Loyal
17003,Normal
14941,Normal
14361,Normal
17169,Normal
17482,Normal
17579,Normal
14588,Normal
16614,Normal
17077,Normal
12675,Normal
16323,Normal
16737,Normal
12582,Normal
17545,Normal
12599,Loyal
18281,Normal
13695,Normal
13943,Normal
17321,Normal
15034,Loyal
13222,Normal
13296,Normal
16307,Normal
13103,Normal
14014,Normal
13295,Normal
14391,Normal
17705,Normal
14707,Normal
12580,Normal
15012,Normal
16898,Normal
17016,Normal
17845,Normal
13998,Normal
12494,Normal
16993,BigSpenders
15405,Normal
17897,Best
15470,Normal
15199,Best
14039,Normal
13892,Normal
13220,Normal
18197,Normal
13888,Normal
15597,Normal
16906,Normal
15210,Normal
12894,Normal
12923,Normal
15478,Normal
12880,Normal
16115,Normal
16836,Normal
15723,Normal
16588,Normal
14296,Normal
13300,Normal
16922,Normal
18258,AlmostLost
17123,Normal
16507,Normal
14982,Normal
18287,BigSpenders
18157,Normal
16932,Normal
15280,Normal
13857,Loyal
13719,Loyal
14017,Normal
17928,Normal
13605,Normal
14304,Normal
16884,Normal
15071,Normal
13501,Normal
14744,Best
13541,Normal
15282,Normal
16835,Normal
14325,Normal
17413,Normal
17382,Loyal
15636,Normal
14283,Normal
17490,Normal
16059,Best
14598,Normal
14220,Normal
16915,Normal
16564,Normal
12837,Normal
16664,Normal
14334,BigSpenders
15777,Normal
15401,Normal
17758,Normal
15025,Normal
14850,Loyal
15559,Normal
13213,Loyal
16604,Normal
15826,Normal
14513,Normal
14671,Normal
14311,Normal
12355,Normal
18011,Normal
14409,Normal
17898,Normal
16889,Normal
16121,Normal
12974,Normal
16290,BigSpenders
18208,Normal
14010,Normal
17785,Normal
13778,Normal
17278,Normal
12409,BigSpenders
14920,Normal
18060,Normal
12632,Normal
16831,Normal
14394,Normal
16974,Normal
13402,Normal
16185,Normal
18052,BigSpenders
14168,Normal
14847,Normal
16229,BigSpenders
15681,Loyal
17205,Normal
16075,Normal
12773,Normal
18000,Normal
12802,AlmostLost
13324,AlmostLost
16175,Normal
13989,Normal
14993,Normal
15217,Normal
16328,Normal
17862,Normal
17694,Normal
12656,BigSpenders
17327,Normal
17179,Normal
15900,Normal
17074,Normal
14181,Normal
16715,Normal
16153,AlmostLost
16046,Normal
14938,BigSpenders
12378,Normal
13880,Normal
16458,Best
13920,BigSpenders
13169,Normal
17499,Normal
15340,Normal
16234,Normal
16392,Normal
16391,Normal
15256,Normal
17699,Normal
16695,Normal
14069,Normal
16101,BigSpenders
14876,Normal
16691,Normal
15985,Normal
16218,Loyal
15400,Normal
15254,Normal
13602,Normal
17741,Normal
17822,BigSpenders
12619,Normal
17583,Normal
16035,Normal
12499,Normal
18044,Loyal
14104,Normal
17617,Normal
15938,Normal
16518,Normal
15135,Normal
15980,BigSpenders
15670,Normal
18038,Normal
17745,Normal
13472,Normal
15246,Normal
15887,Normal
15714,Normal
16565,Normal
16401,Best
15305,Normal
17096,Loyal
14033,Normal
16896,Normal
14859,Normal
15502,BigSpenders
12874,Normal
17216,Normal
13031,BigSpenders
17683,Normal
18214,BigSpenders
15731,Normal
14486,Normal
14436,Normal
14902,Normal
18206,Normal
17235,Loyal
14687,Normal
14766,Best
18234,Normal
16356,Normal
12911,Normal
18112,Normal
13109,Normal
14208,Normal
17915,Normal
16340,Normal
13614,Normal
18137,Normal
15976,Normal
14128,Normal
13056,Normal
14247,Normal
14734,Normal
17009,Normal
14309,Normal
15958,Normal
17987,Normal
14028,BigSpenders
15471,Normal
14515,Loyal
16382,Normal
13699,Normal
17515,Normal
14786,Normal
16232,BigSpenders
18100,Normal
15872,Normal
12829,Normal
15551,Loyal
17040,Normal
17101,Normal
15720,Normal
14498,BigSpenders
17784,Normal
13997,Normal
12928,Best
16048,Normal
17543,Normal
18103,Normal
17440,Normal
15532,Best
14308,Normal
16072,BigSpenders
17713,Normal
14616,Normal
17417,Normal
13502,Normal
14260,Normal
15352,Normal
17282,Normal
17381,Best
16453,Normal
14230,Normal
14615,Normal
17971,Normal
14180,Loyal
12424,Normal
12634,Normal
17204,BigSpenders
13065,Normal
17869,Normal
15757,BigSpenders
15734,Normal
15207,Normal
16679,Normal
13438,Normal
14618,Normal
15102,Normal
17996,Normal
17691,Normal
16209,BigSpenders
16499,Best
17902,Normal
14228,Normal
13794,Normal
16547,Normal
14727,Normal
13337,Normal
12429,BigSpenders
18022,Normal
17749,Normal
13601,Normal
14255,Normal
13745,Normal
16021,Normal
13545,Normal
17790,Loyal
14224,Normal
17923,Normal
14581,Normal
16647,Normal
16622,Normal
13383,Normal
13559,Normal
16625,Normal
12897,Normal
15150,BigSpenders
18020,Normal
15901,Normal
15016,Normal
16007,Normal
15361,Normal
15817,BigSpenders
12637,BigSpenders
13069,Best
16500,Normal
15905,Normal
17922,Normal
14139,Normal
16205,Normal
13297,BigSpenders
17571,Normal
15816,Normal
13168,Normal
15625,Normal
15926,Normal
14634,BigSpenders
18042,Normal
15040,Normal
17952,Normal
13567,Normal
13586,Normal
14374,Normal
15432,Normal
14375,Normal
14619,Normal
14075,Normal
17401,Normal
13112,Normal
16492,Normal
13919,Normal
16134,Normal
17098,Normal
12746,Normal
17692,Loyal
16515,Normal
13608,Normal
14508,Normal
16925,Normal
17953,Normal
15718,Normal
17341,Normal
13277,Normal
16155,Normal
14919,Normal
12412,Normal
14840,Normal
16486,Normal
18128,Normal
15247,Normal
16739,Normal
15786,BigSpenders
12469,BigSpenders
14338,Normal
13707,BigSpenders
16815,Normal
16062,Normal
16315,Normal
16503,Loyal
17192,Normal
15081,Loyal
12774,Normal
16227,Normal
12724,Normal
16894,Normal
15809,Normal
14874,Normal
14793,Normal
16680,Normal
17422,Normal
12792,Normal
17380,Normal
14725,Normal
17310,Normal
13942,Normal
12379,Normal
16825,Normal
16180,BigSpenders
14509,Normal
15248,BigSpenders
15991,Normal
17304,Normal
15913,Normal
17686,BigSpenders
12705,BigSpenders
14566,BigSpenders
16683,Normal
15043,BigSpenders
12741,Normal
17099,Normal
15629,BigSpenders
14326,Normal
16961,Normal
15824,Normal
16539,Best
15779,Normal
14058,Normal
13861,Normal
14199,Normal
17194,Normal
16529,Normal
15264,Normal
17812,Normal
16733,Normal
17437,Normal
16012,Normal
13129,Normal
17578,Loyal
13123,Normal
12451,BigSpenders
12784,Normal
17326,Normal
12485,Normal
14020,Normal
13859,Normal
12527,Normal
12799,Normal
13023,Normal
13299,Normal
14774,Normal
12788,Normal
12529,Normal
13620,Normal
15430,Normal
12415,Best
15842,Normal
13752,Normal
13739,Normal
14398,Normal
17666,Normal
18053,Normal
14217,Loyal
15486,Normal
17748,Normal
13814,Normal
13649,Normal
12575,Normal
12653,BigSpenders
15852,Normal
17239,Normal
15888,Normal
18109,Best
17651,AlmostLost
13302,Normal
15851,Normal
16926,Normal
12576,Normal
13292,Normal
13439,Normal
17187,Normal
18217,Normal
17080,Normal
16907,Normal
14693,Loyal
18230,Normal
12633,BigSpenders
14699,Normal
14963,Loyal
13246,Normal
14366,Normal
13125,Normal
14647,Normal
16032,AlmostLost
13029,Normal
17376,Normal
15627,Normal
15678,Normal
16110,Normal
15969,Normal
12953,Normal
12693,Normal
15076,Normal
14900,Normal
16576,Normal
17901,Normal
12403,Normal
12730,Normal
14452,Normal
12749,BigSpenders
13909,Normal
16443,Normal
15133,Normal
17129,Normal
13534,Best
16649,Normal
15056,Normal
13677,Normal
15127,Normal
12782,Best
12592,BigSpenders
16650,Loyal
12963,BigSpenders
18279,Normal
12841,Best
13399,Normal
17492,Normal
14580,Normal
15283,Normal
16049,Normal
14516,Normal
13779,Normal
18238,Normal
17143,Normal
14248,Normal
16469,Normal
13428,Normal
16435,Normal
17408,Normal
14610,Normal
17714,Normal
18123,Normal
17034,Normal
15332,Best
18096,Normal
16172,Normal
14007,Normal
15530,Normal
17559,Normal
17783,Normal
13255,Normal
14084,Normal
16251,Normal
17968,Normal
18021,Normal
15908,Normal
17921,Loyal
15452,Normal
13959,Normal
17680,Normal
12977,Normal
16128,Best
17541,Normal
17261,Normal
14553,Normal
15151,BigSpenders
17339,Normal
15189,Normal
16496,Normal
14674,Normal
16089,Normal
14599,Normal
12696,Normal
16861,Normal
15788,Normal
17395,Normal
17090,Loyal
17470,Loyal
12864,Normal
14922,Normal
13509,Normal
16129,Normal
15617,Normal
12480,BigSpenders
14797,Normal
12720,Best
13913,Normal
13444,Normal
18074,Normal
14858,Normal
16975,Normal
17643,Normal
16555,Normal
12421,Normal
16165,Normal
17918,Normal
14236,Normal
17177,Normal
13788,Normal
18026,BigSpenders
12595,Normal
16203,Normal
13665,Normal
14312,Normal
18132,Normal
18244,Normal
17112,Normal
12866,Normal
15431,Normal
12410,Normal
13239,Normal
13250,Normal
12889,Normal
13137,Loyal
15378,Normal
12476,Loyal
15080,Normal
17494,Normal
14435,Normal
17224,Normal
15142,BigSpenders
12801,Normal
14384,Normal
16219,Normal
15873,Normal
13384,BigSpenders
13161,Normal
15284,Normal
12804,Normal
12547,Normal
13435,Normal
17122,Normal
15228,BigSpenders
14463,Normal
15596,BigSpenders
18207,Normal
13796,Normal
16278,Normal
16937,Normal
18264,Normal
14833,Normal
14901,Normal
18075,Best
12737,BigSpenders
17168,Normal
16045,BigSpenders
12408,Normal
15021,Normal
14346,Normal
16428,Normal
17109,Normal
17735,Best
15459,Normal
14455,Normal
13766,Normal
13474,Normal
12862,Normal
13617,Normal
15666,Normal
15200,Normal
18277,Normal
13090,Best
12907,Normal
16060,Normal
16440,Normal
14001,Best
18048,Normal
17665,Normal
16880,Normal
16316,BigSpenders
14219,Normal
15363,Normal
16417,Normal
15387,Normal
16334,Normal
15587,Normal
13084,Normal
13155,Normal
17156,Normal
18079,Normal
15271,Best
14521,Normal
13135,Normal
13140,Normal
18154,Normal
17975,Best
16196,Normal
17132,Normal
14575,Normal
17393,Normal
15262,Normal
13653,Normal
17732,Best
12458,Normal
15595,Normal
14631,Normal
14794,Normal
17212,Normal
14022,Normal
14053,Normal
13045,Normal
14722,Normal
16221,Loyal
13839,Normal
14144,Normal
14913,BigSpenders
13717,Normal
15837,Normal
13594,Normal
12771,Normal
14700,Normal
14822,Normal
17615,Normal
14736,Normal
15110,Normal
16033,Best
15652,Normal
16477,BigSpenders
14630,Normal
18227,Normal
12959,Normal
17639,Normal
14550,Normal
12676,Normal
14153,Normal
16345,Normal
17300,Normal
15893,Normal
16043,Normal
17248,Normal
16468,Normal
14996,Normal
14183,Normal
17299,Normal
15050,BigSpenders
12687,BigSpenders
13063,Normal
14379,Normal
13945,Normal
14531,Normal
17430,Normal
14749,Normal
17513,Normal
15072,Normal
13320,Normal
17627,Normal
15310,Normal
17792,Normal
16675,Normal
16638,Loyal
15764,Normal
17585,Normal
15154,Normal
15506,Normal
17599,Normal
12851,Normal
16919,Best
13479,Normal
18191,Normal
16299,Normal
12519,Normal
12433,BigSpenders
16562,Normal
16294,Normal
12865,BigSpenders
15322,Normal
14243,Best
16396,Normal
15855,Normal
17471,Normal
12450,Normal
17689,Normal
14767,Normal
16770,Normal
14565,Normal
18140,Normal
15683,Normal
14187,Normal
14321,Normal
13452,Normal
16314,Normal
17649,Normal
14342,Normal
17336,Normal
18124,Normal
12721,Normal
14229,Normal
13548,Normal
14787,Normal
16448,Normal
14268,Normal
14866,Best
16235,Normal
16375,Normal
14482,Best
16288,Normal
14544,Normal
13884,Normal
14499,Normal
16421,Normal
16870,Normal
17894,Loyal
15936,Normal
15074,Normal
15166,Normal
13922,Normal
17384,Normal
12423,Normal
14885,Normal
14433,Normal
17126,Normal
13714,Normal
12651,Normal
12573,Normal
16819,Normal
12761,Normal
17215,Normal
15574,Normal
15677,Normal
12414,Normal
16065,Best
18182,Normal
12831,Normal
14908,Normal
13992,Normal
15424,Normal
16872,Normal
16239,Normal
12808,Normal
14086,Normal
16100,Normal
14009,Normal
15092,Normal
16289,Normal
14163,Normal
14753,Normal
13809,Normal
13506,Normal
13032,Loyal
14318,Normal
13785,Normal
15543,Normal
13133,Normal
12859,Normal
16832,Normal
14968,Normal
12605,Normal
12819,Normal
13683,Normal
13076,Normal
12777,Normal
15752,Normal
13005,Normal
12635,Normal
16972,Normal
12770,BigSpenders
14688,Best
13046,Normal
12460,Normal
16886,Normal
17456,Normal
18255,Normal
16095,Normal
17762,Normal
14444,Normal
17473,Normal
17366,Normal
12760,Normal
17369,Normal
14708,Normal
14445,Normal
14635,Normal
15992,Normal
16042,Normal
16799,Normal
15006,Normal
15406,Normal
17383,Normal
17728,Normal
17308,BigSpenders
13440,Loyal
13537,Normal
17616,Normal
15107,Normal
13312,Normal
14363,Normal
17149,Normal
16690,Normal
18136,Normal
14381,Normal
14231,Normal
15966,Normal
12768,Normal
15906,Normal
13784,Normal
17403,Normal
16005,Best
16522,Normal
15685,Normal
16080,Normal
16979,Normal
16589,Normal
15301,Best
17392,Normal
13374,Normal
13424,Normal
16646,Normal
15962,Normal
15341,Normal
15748,Normal
15535,Normal
13398,Normal
16146,Normal
16371,Normal
12554,Normal
17765,Normal
15026,Normal
12425,Normal
17743,Normal
15876,Normal
12543,Normal
18089,Normal
16983,BigSpenders
13701,Normal
13554,Loyal
13067,Normal
15519,Normal
14776,Normal
17255,Normal
16264,Normal
15870,Normal
15599,Normal
15462,Normal
17811,Best
13702,Normal
14212,Normal
17055,Normal
12850,Normal
17167,Normal
14668,Normal
17834,Normal
17284,Normal
14906,Normal
13375,Normal
15473,Normal
13689,Normal
16465,Normal
14716,Normal
17480,Normal
12751,Normal
15041,Normal
14169,Normal
14761,Normal
16998,Normal
15728,Normal
14126,Normal
17161,Normal
14933,BigSpenders
12578,BigSpenders
17840,Normal
14570,Normal
13205,BigSpenders
15761,Normal
16857,Normal
13519,Normal
13264,Normal
18107,Normal
15140,Normal
16856,Normal
18193,Normal
15476,BigSpenders
16298,Normal
16546,BigSpenders
16261,Normal
16775,Loyal
14992,Normal
17134,Normal
16531,Normal
14875,Normal
17567,Normal
16692,Normal
16140,Normal
14934,Normal
17396,Loyal
14226,Normal
12871,Normal
17062,Normal
14094,Normal
14269,Normal
13118,Normal
14806,Normal
13281,Normal
12449,Normal
15469,Normal
17919,Normal
17315,BigSpenders
15616,Normal
12348,Normal
16211,Normal
14328,Normal
17524,Normal
13290,Normal
13687,BigSpenders
14802,Normal
17280,Normal
17450,Best
13139,BigSpenders
16362,Normal
13073,Normal
16269,Normal
13970,Normal
15347,Normal
13386,Normal
14597,Normal
17007,Normal
16198,Normal
15871,Normal
13754,Normal
14410,Normal
13927,Normal
16237,Normal
12964,Normal
13639,Normal
16148,Normal
12946,Normal
13804,Normal
16783,Normal
14843,Normal
14891,Normal
17257,Normal
14829,Normal
14449,Normal
14510,Normal
13105,Normal
13257,Normal
16489,Normal
16490,Normal
12661,Normal
13556,Normal
14004,Normal
13962,Normal
16368,Normal
14953,Normal
13966,Normal
12562,Normal
16214,Normal
14742,Normal
15736,BigSpenders
16958,Normal
14800,Best
15960,Normal
13108,Normal
14568,Normal
15243,Normal
13763,BigSpenders
12457,Normal
16044,Normal
14657,Normal
12817,Normal
17533,Normal
16306,Normal
14303,Normal
17521,Normal
13002,Normal
15261,Normal
17360,Normal
15276,Normal
15190,Normal
16606,Normal
13198,Normal
12652,Normal
18266,Normal
13380,Normal
17022,Normal
13674,Normal
18270,Normal
16848,Normal
13014,BigSpenders
14254,Normal
15351,BigSpenders
13642,Normal
14310,Normal
15859,Normal
14392,Normal
14008,Normal
16407,Normal
15143,Normal
13245,Normal
14462,Normal
16312,Normal
14579,Normal
15579,Normal
13326,Normal
16817,Normal
17375,Normal
15159,BigSpenders
17621,BigSpenders
13367,Normal
16476,Normal
13441,Normal
18284,Normal
14065,Normal
12486,Normal
14353,Normal
15392,Normal
13144,Normal
15730,Normal
15778,Normal
18017,Normal
15346,Normal
16061,Normal
13035,Normal
14314,Normal
13177,Normal
13964,Normal
14470,Normal
14991,Normal
15490,Normal
14663,Normal
16348,Normal
17097,Normal
17657,Normal
13306,Normal
15782,Normal
14350,Normal
16760,Normal
15857,Normal
15128,Normal
13055,Normal
13033,Normal
13022,Normal
15934,BigSpenders
17429,Normal
16437,Normal
13818,Normal
14810,Normal
17045,Normal
15973,Normal
17008,Normal
16149,Normal
14339,Normal
13423,Normal
17525,Normal
12511,BigSpenders
17249,Normal
14490,Normal
14118,Normal
12903,Normal
13569,Normal
17354,BigSpenders
14266,Normal
12393,Normal
16980,Normal
16411,Normal
15314,Normal
13776,Normal
16350,Normal
15931,Normal
14358,Normal
16111,Normal
15598,Normal
17196,Normal
17864,Normal
15281,Best
12811,Normal
14904,Normal
14846,Normal
15708,Normal
14127,Normal
16579,Normal
17152,Normal
15177,Normal
15645,Normal
13083,Normal
14390,BigSpenders
15038,Normal
14571,Normal
17111,Normal
16122,Normal
13362,BigSpenders
15277,Normal
13747,Normal
12356,BigSpenders
14756,BigSpenders
15948,Normal
14412,Normal
17264,Normal
12797,Normal
16527,Normal
14319,Normal
15834,Normal
17004,Normal
17273,Normal
15024,Best
13546,Normal
17710,Normal
13912,Normal
12655,Normal
13368,Normal
17094,Normal
14981,Normal
14746,Normal
17708,Normal
15208,Normal
17104,Normal
14240,Normal
13968,Normal
12553,Normal
14263,Normal
16263,Normal
12467,Normal
17944,Normal
12629,Normal
16643,Normal
18239,Normal
13792,Normal
16990,Normal
16418,Normal
16238,Normal
15134,Normal
15356,Normal
17814,Normal
17580,Normal
13832,Normal
16120,Normal
17817,Normal
12900,Normal
15242,Normal
15304,Normal
14696,Normal
13194,Normal
14929,Normal
12798,Normal
18090,Normal
17717,Normal
13395,Normal
16935,Normal
17629,Normal
17796,Normal
15735,Normal
17751,Normal
16991,Normal
14975,Normal
15160,Normal
17823,Normal
14956,Normal
15114,Normal
15626,Normal
12454,BigSpenders
13829,Normal
12694,Normal
14088,BigSpenders
17510,Normal
18018,Normal
17202,Normal
17390,Normal
12691,Normal
15957,Normal
12445,Normal
17687,Normal
15202,BigSpenders
13692,Normal
15686,Normal
17938,Normal
17316,Normal
14868,Normal
16810,Normal
15688,Normal
16381,Normal
16676,Normal
15772,Normal
15799,Normal
14712,Normal
17703,Normal
12376,Normal
13516,Normal
14741,Normal
16069,Normal
12699,Normal
16996,Normal
13387,Normal
16141,Normal
13079,Normal
17026,Normal
13088,Normal
15710,Normal
17655,Normal
17219,Normal
14524,Normal
15011,Normal
14585,Normal
14332,Normal
17967,Normal
17397,Normal
13134,Normal
13840,Normal
13981,Normal
15608,Normal
14617,Normal
18066,Normal
15377,Normal
16201,Normal
16776,Normal
15501,Normal
16916,Normal
13703,Normal
16642,Normal
16903,Normal
15647,Normal
14612,Normal
17038,Normal
12387,Normal
16590,Normal
17924,Normal
17483,Normal
13195,Normal
13836,Normal
12400,Normal
15995,Normal
15257,Normal
14148,Normal
13936,Normal
18243,Normal
13166,Normal
14216,Normal
13581,Normal
16540,Normal
12899,Normal
12973,Normal
12419,Normal
16226,Normal
14945,Normal
13746,Normal
13106,Normal
18055,Best
12787,Normal
16491,Normal
14728,Normal
13165,Normal
13263,Normal
16010,Loyal
17843,Normal
13241,Normal
16024,Normal
17407,Normal
16445,Normal
16373,Normal
17260,Normal
13574,Normal
17435,Normal
16920,Normal
13977,Normal
18110,Normal
18116,Normal
15337,Normal
13898,Normal
13565,Normal
16904,Loyal
16726,Normal
15065,Normal
15174,Normal
14197,Normal
16193,Normal
17981,Normal
15294,Normal
15370,Normal
14690,Normal
12790,Normal
15646,Normal
14718,Normal
16241,Normal
17070,Normal
17767,Normal
12475,Normal
12411,Normal
16863,Normal
14673,Normal
16785,Normal
13363,Normal
15620,Normal
16962,Normal
14278,Normal
16034,Normal
13578,Normal
13274,Normal
12775,Normal
13906,Normal
16757,Normal
15773,Normal
15536,Normal
14271,Normal
15390,Normal
16639,Normal
12537,Normal
12505,Normal
14475,Normal
12563,Normal
12591,Normal
16188,Normal
16433,Normal
12353,Normal
13547,Normal
17000,Normal
14281,Normal
15328,Normal
12766,BigSpenders
15285,Normal
16343,Normal
16630,Normal
16183,Normal
13669,Normal
16265,Normal
14294,Normal
14834,Normal
16780,Normal
13780,Normal
17974,Normal
16635,Normal
15170,Normal
17334,Normal
17934,Normal
17821,Normal
13282,Normal
13580,Normal
16058,Normal
14213,Normal
12608,Normal
12601,Normal
16724,Normal
18278,Normal
14848,Normal
13833,Normal
15675,Normal
12347,Normal
17951,Normal
14429,Normal
17306,Normal
16876,Normal
14777,Normal
15729,Normal
18127,Normal
12492,Normal
13359,Normal
13597,Normal
14206,Normal
17121,Normal
13607,Normal
13535,Normal
13937,Normal
13251,Normal
13453,Normal
12413,Normal
16016,Normal
13523,Normal
14733,BigSpenders
17276,Normal
13310,Normal
17363,Normal
12855,Normal
13215,Normal
15458,Normal
13331,Normal
12673,Normal
15915,Normal
16865,Normal
15336,Normal
12793,Normal
17420,Normal
13500,Normal
15233,Normal
13686,Normal
15158,Normal
17254,Normal
16542,Normal
16178,Normal
15481,BigSpenders
13034,Normal
13049,Normal
16712,Normal
16050,Normal
13987,Normal
15724,Normal
14737,BigSpenders
15379,Normal
17702,Normal
12914,Normal
13258,Normal
14447,Normal
17286,Normal
17977,Normal
13303,Normal
13172,Normal
13660,Normal
13903,Normal
16228,Normal
13846,Normal
13646,Normal
13996,Normal
15560,Normal
16640,Normal
18083,Normal
17033,Normal
16931,Normal
14203,Normal
16559,Normal
16899,Normal
15996,Normal
12892,Normal
13138,Normal
14927,Normal
14193,Normal
13967,Normal
17084,BigSpenders
16420,Normal
13738,Normal
17548,Normal
18098,Normal
13691,Normal
15635,Normal
17274,Normal
16223,Normal
17208,Normal
17467,Normal
17983,Normal
16740,Normal
17878,Normal
14170,Normal
14899,Normal
14077,Normal
17374,Normal
13721,Normal
12927,Normal
13671,Normal
16358,Normal
15131,Normal
17756,Normal
15001,Normal
13096,Normal
15529,Normal
12739,Normal
15028,Normal
17288,Normal
13915,Normal
17903,Normal
18280,Normal
15368,Normal
12666,Normal
16662,Normal
16786,Normal
15138,Normal
17688,Normal
16824,Normal
17423,Normal
16284,Normal
13226,Normal
17558,Normal
17815,Normal
17980,Normal
12803,Normal
18050,Normal
14600,Normal
18054,Normal
15468,Normal
12868,Normal
12352,Normal
18007,Normal
17772,Normal
14082,Normal
13309,Normal
17210,Normal
12734,Normal
17803,Normal
13961,Normal
14024,Normal
14052,Normal
16687,Normal
17495,Normal
15269,Normal
13167,Normal
16074,Normal
14684,Normal
17544,Normal
18221,Normal
14559,Normal
15726,Normal
14382,Normal
14784,Normal
17992,Normal
14526,Normal
12991,Normal
13862,Normal
17106,Normal
13094,Normal
17633,Normal
16399,Normal
17170,Normal
18084,Normal
16602,Normal
14189,Normal
12357,BigSpenders
12616,Normal
16083,Normal
14675,Normal
15235,Loyal
17203,BigSpenders
15968,Normal
13624,Normal
13458,BigSpenders
13789,Normal
15161,Normal
15811,Normal
13158,Normal
14192,Normal
16829,Normal
18256,Normal
13237,Normal
14417,Normal
16386,Normal
16006,Normal
13549,Normal
12847,Normal
14811,Normal
16224,Normal
15515,Normal
17418,Normal
12890,Normal
18195,Normal
15649,Normal
17995,Normal
16250,Normal
14405,Normal
14446,Normal
13864,Normal
14614,Normal
17355,Normal
16973,Normal
17659,Normal
17089,Normal
18160,Normal
17868,Normal
17532,Normal
14932,Normal
17269,Normal
16936,Normal
16599,Normal
16885,Normal
17433,Normal
17386,Normal
18035,Normal
15846,Normal
13124,Normal
16346,Normal
17648,Normal
17493,Normal
12967,BigSpenders
12887,Normal
12728,Normal
12858,Normal
15155,Normal
16367,Normal
17275,Normal
16501,Normal
12807,Normal
17036,Normal
15350,Normal
13550,Normal
15634,Normal
18210,Normal
17782,Normal
13086,Normal
14419,Normal
16424,Normal
16252,Normal
15525,Normal
16765,Normal
14048,Normal
16812,BigSpenders
13651,Normal
15986,Normal
16821,Normal
17870,Normal
17458,Normal
17237,Normal
17570,Normal
17872,Normal
18047,Normal
14176,Normal
14252,Normal
18118,Normal
12434,Normal
17766,Normal
15864,Normal
13181,Normal
14972,Normal
16001,Normal
17598,Normal
13843,Normal
15951,Normal
16357,Normal
17744,Normal
14458,Normal
18076,Normal
17601,Normal
15509,Normal
15902,Normal
16988,Normal
15987,Normal
14721,Normal
16874,Normal
15020,Normal
14487,Normal
15495,Normal
17989,Normal
14443,Normal
17882,Normal
12385,BigSpenders
18161,Normal
15961,Normal
13626,Normal
14627,Normal
12961,Normal
17556,Normal
18031,Normal
17283,Normal
17516,Normal
12538,Normal
17999,Normal
16262,Normal
15914,Normal
15212,Normal
15037,Normal
17607,Normal
15583,Normal
18003,Normal
16893,Normal
13254,Normal
12996,Normal
12767,Normal
17722,BigSpenders
17723,Normal
16545,Normal
15404,Normal
15540,Normal
17671,Normal
18034,Normal
16413,Normal
16194,Normal
17912,Normal
16355,Normal
12351,Normal
15828,Normal
17223,Normal
17468,Normal
13955,Normal
14414,Normal
15939,BigSpenders
17826,Normal
16473,Normal
17820,Normal
17378,Normal
16552,Normal
15922,Normal
14594,Normal
15165,Normal
16274,Normal
12947,Normal
17855,Normal
17925,Normal
16244,Normal
14491,Normal
15923,Normal
16752,Normal
17964,Normal
17976,Normal
14775,Normal
13011,Normal
14576,Normal
12738,Normal
12686,Normal
13370,Normal
12427,Normal
14589,Normal
17787,Normal
17198,Normal
15545,Normal
18156,Normal
15880,Normal
16402,Normal
15894,Normal
12763,Normal
17674,Normal
15899,Normal
15919,Normal
15048,Normal
18113,Normal
13030,Normal
15018,Normal
18119,Normal
12386,Normal
12441,Normal
18043,Normal
18269,Normal
13270,Normal
12942,Normal
13369,Normal
15211,Normal
